Record ID,Evidence Relevance Tier,Primary Category,Record Type,Title / Dataset,Year,Primary Authors / Source,Institution / Dataset Owner,Modalities / Signals,Interaction Level,Task / Paradigm,Access Status,Dataset / Access URL,Paper / Reference URL,Evidence Role,Relevance to Synchronized Decision-Making,Key Difference vs Proposed ARL Dataset,Priority,Verification Status,Reading Status,Discovery Method,Systematic Review Eligibility,Exclusion Reason,Notes,Source Verified Date
MDMER-0001,Tier 1,Core multimodal datasets,Dataset paper,"AMIGOS: A Dataset for Affect, Personality and Mood Research on Individuals and Groups",2017,Miranda-Correa et al.,,EEG; ECG; GSR; frontal HD video; RGB/depth video,Individual + groups,Affective video viewing,Registration/public academic,http://www.eecs.qmul.ac.uk/mmv/datasets/amigos/download.html,https://arxiv.org/abs/1702.02510,Direct comparator,Closest prior dataset combining wearable physiology with group context.,"No eye tracking, EMG, individual microphones, social deduction, voting, confidence, or reasoning rounds.",Must read,Legacy entry — re-verification required,Not read,Existing ARL literature,Pending,,Download/request access,
MDMER-0002,Tier 1,Core multimodal datasets,Dataset paper,MAHNOB-HCI: A Multimodal Database for Affect Recognition and Implicit Tagging,2011,Soleymani et al.,,EEG; ECG; GSR; eye gaze; audio; video,Individual,Affective stimuli / implicit tagging,Registration,https://mahnob-db.eu/hci-tagging/,https://ieeexplore.ieee.org/document/5975141/,Direct comparator,Classic multimodal physiology + audiovisual benchmark.,Single participant; no group interaction or decision-making.,Must read,Legacy entry — re-verification required,Not read,Existing ARL literature,Pending,,Use for acquisition and metadata comparison,
MDMER-0003,Tier 1,Core multimodal datasets,Dataset paper,K-EmoCon: A Multimodal Sensor Dataset for Continuous Emotion Recognition in Naturalistic Conversations,2020,Park et al.,,EEG; PPG; EDA/GSR; HR; audio; video; annotations,Dyads,Paired debate / natural conversation,Public,https://zenodo.org/records/3762962,https://www.nature.com/articles/s41597-020-00630-y,Direct comparator,Naturalistic interaction with EEG and peripheral physiology.,Only dyads; emotion focus; no deception/game structure or voting.,Must read,Legacy entry — re-verification required,Not read,Existing ARL literature,Pending,,Very useful for annotation design,
MDMER-0004,Tier 1,Core multimodal datasets,Dataset paper,DEAP: A Database for Emotion Analysis using Physiological Signals,2012,Koelstra et al.,,EEG; EMG; EOG; GSR; respiration; skin temperature; face video,Individual,Music video emotion elicitation,Registration,https://www.eecs.qmul.ac.uk/mmv/datasets/deap/download.html,https://research.utwente.nl/en/publications/deap-a-database-for-emotion-analysis-using-physiological-signals/,Direct comparator,Canonical multimodal physiological benchmark.,Individual passive viewing; no social interaction or real-time group task.,Must read,Legacy entry — re-verification required,Not read,Existing ARL literature,Pending,,Expected citation in affective computing,
MDMER-0005,Tier 1,Core multimodal datasets,Dataset paper,GroupAffect-4: A Multimodal Dataset of Four-Person Collaborative Interaction,2026,Jamshidi Seikavandi et al.,,Wrist physiology; eye-tracking glasses; close-talk microphones; self-report; task outcomes,Four-person groups,Hidden-profile decision; negotiation; idea generation; public-goods game,Public,https://zenodo.org/records/20037847,https://arxiv.org/abs/2605.19765,Direct comparator,Closest modern comparison for ARL group interaction and LSL-style synchronized multimodal collection.,No EEG/EMG; not social deduction; four-person not five-person.,Must read,Legacy entry — re-verification required,Not read,Existing ARL literature,Pending,,Highest priority after ARL protocol,
MDMER-0006,Tier 1,Social affect / dyadic datasets,Dataset paper,RECOLA: Remote Collaborative and Affective Interactions,2013,Ringeval et al.,,Audio; video; ECG; EDA,Dyads,Remote collaborative task,Academic access,https://recola.human-ist.ch/,https://recola.human-ist.ch/data/emoSPACE13_RECOLA_Database.pdf,Social/Group Comparator,Strong example of synchronized affective dyadic interaction.,No EEG/eye tracking/EMG; dyadic remote collaboration.,High,Legacy entry — re-verification required,Not read,Existing ARL literature,Pending,,Useful for continuous annotation and sync,
MDMER-0007,Tier 1,Social interaction datasets,Dataset paper,SEWA DB: Audio-Visual Emotion and Sentiment Research in the Wild,2021,Kossaifi et al.,,Audio; video; facial landmarks; action units; vocal cues,Dyads,Natural web-based conversations,Research access,http://db.sewaproject.eu/,https://pubmed.ncbi.nlm.nih.gov/31581074/,Social/Group Comparator,Useful for in-the-wild audiovisual affect and dyadic interaction.,No physiology; not group decision making.,High,Legacy entry — re-verification required,Not read,Existing ARL literature,Pending,,Relevant to audio/video annotation,
MDMER-0008,Tier 1,Meeting / group interaction,Dataset paper,AMI Meeting Corpus,2005,Carletta et al.,,Individual and room microphones; video; projector; whiteboard; transcripts,Groups,Scenario-driven and natural meetings,Public/research,https://groups.inf.ed.ac.uk/ami/corpus/,https://link.springer.com/chapter/10.1007/11677482_3,Background Evidence,Foundational multimodal group interaction dataset.,No physiology; meeting task not deception or uncertainty voting.,High,Legacy entry — re-verification required,Not read,Existing ARL literature,Pending,,Useful for mic/camera setup comparison,
MDMER-0009,Tier 1,Eye tracking + EEG,Dataset paper,EEGEyeNet: Simultaneous EEG and Eye-tracking Dataset and Benchmark,2021,Kastrati et al.,,EEG; eye tracking,Individual,Eye movement prediction paradigms,Public,https://github.com/ardkastrati/EEGEyeNet,https://arxiv.org/abs/2111.05100,Modality Comparator,Important EEG-eye tracking synchronization and benchmark reference.,No physiology beyond EEG; no interaction or decisions.,High,Legacy entry — re-verification required,Not read,Existing ARL literature,Pending,,Useful for EyeLogic + EEG preprocessing,
MDMER-0010,Tier 1,Synchronization platform,Platform paper,The Lab Streaming Layer for Synchronized Multimodal Recording,2025,Kothe et al.,,Software framework for multimodal time synchronization,Any,Synchronized recording framework,Open source,https://labstreaminglayer.org/,https://direct.mit.edu/imag/article/doi/10.1162/IMAG.a.136/132678/The-lab-streaming-layer-for-synchronized,Synchronization Comparator,Core technical citation for ARL acquisition architecture.,Not a dataset; supports infrastructure rather than task design.,Must read,Legacy entry — re-verification required,Not read,Existing ARL literature,Pending,,Must cite in ARL platform section,
MDMER-0011,Tier 2,Physiological affect datasets,Dataset paper,ASCERTAIN: A Database for Implicit Personality and Affect Recognition,2016,Subramanian et al.,,EEG; ECG; GSR; facial video; personality/self-report,Individual,Affective video viewing,Research access,http://ascertain-dataset.github.io/,https://ieeexplore.ieee.org/document/7740927/,Background Evidence,Adds personality and affect to multimodal physiology.,No group interaction; no decision-making task.,Medium,Legacy entry — re-verification required,Not read,Existing ARL literature,Pending,,May need access link verification,
MDMER-0012,Tier 2,Physiological affect datasets,Dataset paper,DREAMER: A Database for Emotion Recognition Through EEG and ECG Signals,2018,Katsigiannis & Ramzan,,EEG; ECG,Individual,Affective audio-visual stimuli,Public/research,https://zenodo.org/record/546113,https://ieeexplore.ieee.org/document/7880584/,Background Evidence,Useful compact EEG+ECG benchmark.,No GSR/EMG/eye/audio interaction.,Medium,Legacy entry — re-verification required,Not read,Existing ARL literature,Pending,,Good baseline physiology dataset,
MDMER-0013,Tier 2,Physiological affect datasets,Dataset paper,CASE: Continuously Annotated Signals of Emotion Dataset,2019,Sharma et al.,,ECG; BVP; EMG; GSR/EDA; respiration; skin temperature,Individual,Video emotion elicitation,Public,https://springernature.figshare.com/collections/CASE_Dataset/4260668,https://www.nature.com/articles/s41597-019-0209-0,Background Evidence,High-quality synchronized physiological recordings with continuous annotations.,No EEG/eye tracking/group interaction.,Medium,Legacy entry — re-verification required,Not read,Existing ARL literature,Pending,,Use for annotation and physiology QC,
MDMER-0014,Tier 2,Physiological affect datasets,Dataset paper,WESAD: Wearable Stress and Affect Detection,2018,Schmidt et al.,,ECG; EDA; EMG; respiration; temperature; acceleration,Individual,Stress/affect protocol,Public/research,https://archive.ics.uci.edu/dataset/465/wesad+wearable+stress+and+affect+detection,https://dl.acm.org/doi/10.1145/3242969.3242985,Background Evidence,Important wearable physiological dataset and benchmark.,No EEG/eye/audio/video; no social interaction.,Medium,Legacy entry — re-verification required,Not read,Existing ARL literature,Pending,,Useful for Shimmer-style feature extraction,
MDMER-0015,Tier 2,Physiological affect datasets,Dataset paper,MAUS: A Multimodal Affective User State Dataset,2019,Kächele et al.,,Physiology; facial behavior; annotations,Individual,Affective user state tasks,Research access,,https://dl.acm.org/doi/10.1145/3340555.3353746,Background Evidence,Relevant for multimodal user state inference.,Less direct to group decision; access/details need review.,Medium,Legacy entry — re-verification required,To verify,Existing ARL literature,Pending,,Potential related work,
MDMER-0016,Tier 2,Physiological affect datasets,Dataset paper,Affectiva-MIT Facial Expression / emotion datasets,2010,McDuff et al.,,Video/facial expression; sometimes physiology in related work,Individual,Emotion elicitation,Restricted/commercial/research,,https://ieeexplore.ieee.org/document/7744024/,Background Evidence,Useful for affect and facial-video benchmark context.,Not physiological group decision data.,Low,Legacy entry — re-verification required,To verify,Existing ARL literature,Pending,,Optional citation only,
MDMER-0017,Tier 2,EEG emotion datasets,Dataset paper,SEED: A Dataset for Emotion Recognition using EEG,2015,Zheng & Lu,,EEG,Individual,Emotion film clips,Research access,https://bcmi.sjtu.edu.cn/home/seed/,https://ieeexplore.ieee.org/document/7104132/,Modality Comparator,Common EEG emotion benchmark.,No multimodal group interaction.,Medium,Legacy entry — re-verification required,Not read,Existing ARL literature,Pending,,Useful for EEG feature benchmarks,
MDMER-0018,Tier 2,EEG emotion datasets,Dataset paper,SEED-IV: Multimodal Emotion Dataset with Four Emotion Categories,2018,Zheng et al.,,EEG; eye movement,Individual,Emotion film clips,Research access,https://bcmi.sjtu.edu.cn/home/seed/,https://ieeexplore.ieee.org/document/8373816/,Modality Comparator,EEG + eye movement emotion benchmark.,No social interaction or peripheral physiology.,Medium,Legacy entry — re-verification required,Not read,Existing ARL literature,Pending,,Useful for EEG-eye comparison,
MDMER-0019,Tier 2,EEG + eye tracking datasets,Dataset paper,Consumer-grade EEG-based Eye Tracking Dataset,2025,Authors TBD,,Consumer EEG; webcam eye tracking,Individual,Eye movement paradigms,Likely public,https://arxiv.org/html/2503.14322v1,https://arxiv.org/html/2503.14322v1,Modality Comparator,Relevant to low-cost EEG + webcam/eye tracking synchronization.,No physiology/group task; details need verification.,Medium,Legacy entry — re-verification required,To verify,Existing ARL literature,Pending,,Useful if EyeLogic constraints become important,
MDMER-0020,Tier 2,EEG + eye tracking datasets,Dataset paper,"Ocular Activity Dataset: EEG, Eye-tracking, and High-speed Video",2025,Guttmann-Flury et al.,,EEG; eye tracking; high-speed video,Individual,Ocular behavior / mental states,Public,https://pmc.ncbi.nlm.nih.gov/articles/PMC11978869/,https://pmc.ncbi.nlm.nih.gov/articles/PMC11978869/,Modality Comparator,Good multimodal eye/EEG/video reference.,No group decision or physiology.,Medium,Legacy entry — re-verification required,Not read,Existing ARL literature,Pending,,Useful for ocular artifact handling,
MDMER-0021,Tier 2,Social interaction datasets,Dataset paper,MELD: Multimodal EmotionLines Dataset,2019,Poria et al.,,Text; audio; video,Multi-party,TV-series multi-party conversations,Public,https://affective-meld.github.io/,https://aclanthology.org/P19-1050/,Social/Group Comparator,Important multi-party conversation benchmark.,No physiology; acted/scripted media source.,Medium,Legacy entry — re-verification required,Not read,Existing ARL literature,Pending,,Useful for dialogue-level modeling,
MDMER-0022,Tier 2,Social interaction datasets,Dataset paper,IEMOCAP: Interactive Emotional Dyadic Motion Capture Database,2008,Busso et al.,,Audio; video; motion capture; text annotations,Dyads,Scripted and spontaneous dialogues,Research access,https://sail.usc.edu/iemocap/,https://www.carlosbusso.com/publications/Busso_2008_5.pdf,Social/Group Comparator,Classic interactive dyadic multimodal emotion dataset.,No physiology; dyadic actors.,Medium,Legacy entry — re-verification required,Not read,Existing ARL literature,Pending,,Useful for audio/video annotation,
MDMER-0023,Tier 2,Meeting / group interaction,Dataset paper,ICSI Meeting Corpus,2004,Janin et al.,,Multi-channel audio; transcripts,Groups,Meetings,Public/research,http://www1.icsi.berkeley.edu/Speech/mr/,https://www1.icsi.berkeley.edu/Speech/papers/icsi05-meeting-corpus.pdf,Background Evidence,Classic meeting corpus for conversation/speaker interaction.,No physiology/video in main corpus; not decision physiology.,Medium,Legacy entry — re-verification required,Not read,Existing ARL literature,Pending,,Useful for speech segmentation,
MDMER-0024,Tier 2,Meeting / group interaction,Dataset paper,ELEA Audio-Visual Synchronous Corpus,2012,Sanchez-Cortes et al.,,Audio; video; nonverbal behavior annotations,Small groups,Leadership emergence / group discussion,Research access,,https://dl.acm.org/doi/10.1145/2388676.2388680,Background Evidence,Relevant for small-group behavior and leadership/dominance.,No physiology or deception paradigm.,Medium,Legacy entry — re-verification required,To verify,Existing ARL literature,Pending,,Useful for social dynamics,
MDMER-0025,Tier 2,Meeting / group interaction,Dataset paper,MPIIGroupInteraction: Multi-person Group Interaction Dataset,2018,Müller et al.,,Video; pose/behavior annotations,Groups,Natural group conversation,Research/public,https://team.inria.fr/robotlearn/the-mpii-group-interaction-dataset/,https://openaccess.thecvf.com/content_cvpr_2018_workshops/w32/html/Muller_Multi-Person_3D_Pose_CVPR_2018_paper.html,Background Evidence,Relevant for group visual behavior analysis.,No physiology/audio focus; not task-controlled.,Medium,Legacy entry — re-verification required,To verify,Existing ARL literature,Pending,,Optional computer-vision angle,
MDMER-0026,Tier 2,Social interaction datasets,Dataset paper,MatchNMingle: Multi-sensor Social Mingling Dataset,2018,Cabrera-Quiros et al.,,Wearable acceleration; proximity; audio; video annotations,Groups/social event,Free mingling interaction,Research access,,https://dl.acm.org/doi/10.1145/3267305.3274114,Social/Group Comparator,Useful for group social dynamics and wearable sensing.,No EEG/ECG/GSR; not decision task.,Medium,Legacy entry — re-verification required,To verify,Existing ARL literature,Pending,,Good for social network features,
MDMER-0027,Tier 2,Social interaction datasets,Dataset paper,NOXI Database: Multimodal Natural Human-Computer Interaction,2017,Cafaro et al.,,Audio; video; motion/behavior,Dyads/HCI,Expert-novice interaction,Research access,https://noxi.aria-agent.eu/,https://dl.acm.org/doi/10.1145/3136755.3136759,Social/Group Comparator,Useful for naturalistic interaction and nonverbal cues.,No physiology; not group decision.,Low,Legacy entry — re-verification required,To verify,Existing ARL literature,Pending,,Peripheral relevance,
MDMER-0028,Tier 2,Social interaction datasets,Dataset paper,Aff-Wild: In-the-Wild Affect Recognition Database,2019,Kollias et al.,,Video; audio in related variants; valence/arousal annotations,Individual/video subjects,In-the-wild affect videos,Research access,https://ibug.doc.ic.ac.uk/resources/aff-wild2/,https://link.springer.com/article/10.1007/s11263-019-01158-4,Social/Group Comparator,Useful for video affect benchmark context.,No physiology/group task.,Low,Legacy entry — re-verification required,Not read,Existing ARL literature,Pending,,Not core but recognizable,
MDMER-0029,Tier 2,Social interaction datasets,Dataset paper,AVEC Challenges / Audio-Visual Emotion Challenge Corpora,2016,Valstar/Ringeval et al.,,Audio; video; physiology depending on year,Dyads/individual,Affect/depression/emotion challenge tasks,Research access,https://avec-challenge.org/,https://d-nb.info/1248484878/34,Social/Group Comparator,Useful benchmark family for multimodal affect.,Not tailored to group decision; varies by year.,Medium,Legacy entry — re-verification required,Not read,Existing ARL literature,Pending,,Cite if benchmarking methods,
MDMER-0030,Tier 2,Affective computing reviews,Review paper,A Survey on Databases for Multimodal Emotion Recognition,2022,Siddiqui et al.,,Review across audio; video; physiology; text,Mixed,Review/taxonomy,Open,https://www.mdpi.com/2414-4088/6/6/47,https://www.mdpi.com/2414-4088/6/6/47,Background Evidence,Good source to map dataset landscape.,Review only; not specific to decision/social deduction.,High,Legacy entry — re-verification required,Not read,Existing ARL literature,Pending,,Can guide expansion beyond 50,
MDMER-0031,Tier 3,Decision/social neuroscience,Review paper,Hyperscanning: A Valid Method to Study Neural Inter-brain Underpinnings of Social Interaction,2020,Czeszumski et al.,,EEG/fNIRS/fMRI hyperscanning methods,Dyads/groups,Social interaction review,Open,https://www.frontiersin.org/articles/10.3389/fnhum.2020.00039/full,https://www.frontiersin.org/articles/10.3389/fnhum.2020.00039/full,Decision-Making Comparator,Foundational hyperscanning methods and analysis reference.,Not a dataset; broader than ARL.,High,Legacy entry — re-verification required,Not read,Existing ARL literature,Pending,,Use in theoretical framing,
MDMER-0032,Tier 3,Decision/social neuroscience,Review paper,Review and Progress on EEG-Based Hyperscanning in Social Interactions,2018,Liu et al.,,EEG hyperscanning,Dyads/groups,Social interaction review,Open,https://pmc.ncbi.nlm.nih.gov/articles/PMC6186988/,https://pmc.ncbi.nlm.nih.gov/articles/PMC6186988/,Decision-Making Comparator,Directly supports multi-person EEG framing.,Not multimodal dataset-specific.,High,Legacy entry — re-verification required,Not read,Existing ARL literature,Pending,,Use for multi-brain rationale,
MDMER-0033,Tier 3,Decision/social neuroscience,Review paper,Cooperation and Competition with Hyperscanning Methods,2017,Balconi & Vanutelli,,EEG/fNIRS hyperscanning,Dyads/groups,Cooperation/competition review,Open,https://www.frontiersin.org/articles/10.3389/fncom.2017.00086/full,https://www.frontiersin.org/articles/10.3389/fncom.2017.00086/full,Decision-Making Comparator,Relevant to cooperation/competition dynamics in spy game.,Review only; no ARL-like multimodal release.,Medium,Legacy entry — re-verification required,Not read,Existing ARL literature,Pending,,Useful for discussion,
MDMER-0034,Tier 3,Decision/social neuroscience,Research paper,Cortical Activity and Connectivity During Prisoner's Dilemma: An EEG Hyperscanning Study,2007,Babiloni et al.,,EEG hyperscanning,Multiple participants,Prisoner's dilemma,Publication only,,https://pubmed.ncbi.nlm.nih.gov/18003118/,Decision-Making Comparator,Classic EEG hyperscanning decision-making study.,Not public multimodal dataset; no multimodal signals.,High,Legacy entry — re-verification required,Not read,Existing ARL literature,Pending,,Conceptually important,
MDMER-0035,Tier 3,Decision/social neuroscience,Dataset paper,EEG-BIDS Three-Person Hyperscanning Prisoner's Dilemma Dataset,2026,OpenNeuro ds007822,,EEG; behavioral data,Three-person groups/triads,Prisoner's dilemma,Public,https://openneuro.org/datasets/ds007822/versions/1.0.0,https://openneuro.org/datasets/ds007822/versions/1.0.0,Decision-Making Comparator,Very close on group decision + EEG hyperscanning.,No multimodal physiology/audio/video/eye tracking; 3 not 5 people.,High,Legacy entry — re-verification required,Not read,Existing ARL literature,Pending,,Important ARL comparison,
MDMER-0036,Tier 3,Decision/social neuroscience,Research paper,EEG Hyperscanning Reveals Dynamic Interbrain Network Reorganization During Social Decision-Making,2026,Li et al.,,EEG hyperscanning,Dyads/groups depending task,Social decision-making,Publication only,,https://www.nature.com/articles/s42003-026-09852-z,Decision-Making Comparator,Recent social decision EEG hyperscanning paper.,Not dataset/platform-focused; exact access to data uncertain.,Medium,Legacy entry — re-verification required,Not read,Existing ARL literature,Pending,,Modern theoretical reference,
MDMER-0037,Tier 3,Decision/social neuroscience,Dataset paper,An EEG Dataset of Neural Signatures in a Competitive Two-Player Card Game,2024,Chen et al.,,EEG; behavioral data,Two-player,Competitive card game / deception,Public/Scientific Data,https://www.nature.com/articles/s41597-024-03234-y,https://www.nature.com/articles/s41597-024-03234-y,Decision-Making Comparator,Highly relevant deception/competition EEG dataset.,Dyadic; no ECG/GSR/EMG/eye/audio/video group capture.,High,Legacy entry — re-verification required,Not read,Existing ARL literature,Pending,,Strong ARL novelty comparison,
MDMER-0038,Tier 3,Decision/social neuroscience,Dataset paper,IllusionGameEEG Dataset,2023,OpenNeuro ds004587,,EEG; physiological; behavioral data,Individual,Illusion/game-like cognitive task,Public,https://openneuro.org/datasets/ds004587/versions/1.0.0,https://openneuro.org/datasets/ds004587/versions/1.0.0,Decision-Making Comparator,EEG + physiology + behavioral data in game-like task.,No group interaction/social deduction.,Medium,Legacy entry — re-verification required,To verify,Existing ARL literature,Pending,,Potential methods comparison,
MDMER-0039,Tier 3,Decision/social neuroscience,Research paper,Neural Decoding of Competitive Decision-Making in Rock–Paper–Scissors,2025,Moerel et al.,,EEG hyperscanning,Dyads,Competitive Rock-Paper-Scissors,Publication only,,https://boa.unimib.it/retrieve/77d8308f-f97c-4d5d-ad41-f4b1967f573c/Moerel%20et%20al-2025-Social%20Cognitive%20and%20Affective%20Neuroscience-VoR.pdf,Decision-Making Comparator,Recent competitive decision EEG hyperscanning reference.,No full multimodal dataset; dyads only.,Medium,Legacy entry — re-verification required,Not read,Existing ARL literature,Pending,,Useful for classifier framing,
MDMER-0040,Tier 3,Decision/social neuroscience,Theory/review paper,Dual-Process and Decision-Making Under Uncertainty Literature Anchor,2009,Evans / Stanovich / Kahneman line,,Behavioral/cognitive theory,Individual/social,"Uncertainty, reasoning, intuition/control",Publication only,,https://www.annualreviews.org/content/journals/10.1146/annurev-psych-122216-011832,Decision-Making Comparator,Needed theoretical anchor for ARL reasoning/confidence.,Not dataset or physiology.,Medium,Legacy entry — re-verification required,To verify,Existing ARL literature,Pending,,Replace with exact preferred paper later,
MDMER-0041,Tier 3,Deception/social deduction,Dataset paper,Box of Lies: Multimodal Deception Detection in Dialogues,2019,Soldner et al.,,Dialogue; audio; video; nonverbal/verbal features,Dyads,Deception dialogue game,Data on request,https://web.eecs.umich.edu/~mihalcea/papers/soldner.naacl19.pdf,https://web.eecs.umich.edu/~mihalcea/papers/soldner.naacl19.pdf,Decision-Making Comparator,Very relevant multimodal deception-in-dialogue dataset.,No physiology; dyadic; smaller controlled game.,High,Legacy entry — re-verification required,Not read,Existing ARL literature,Pending,,Important for deception section,
MDMER-0042,Tier 3,Deception/social deduction,Dataset paper,Bag-of-Lies: Multimodal Dataset for Deception Detection,2019,Gupta et al.,,EEG; video; audio?; behavioral/questionnaire depending release,Individual/dyadic,Casual deception scenarios,Research access,https://paperswithcode.com/dataset/bag-of-lies,https://ieeexplore.ieee.org/document/8901672/,Decision-Making Comparator,Relevant because deception plus EEG appears together.,Need verify modalities/access; not group social deduction.,High,Legacy entry — re-verification required,To verify,Existing ARL literature,Pending,,Very important if accessible,
MDMER-0043,Tier 3,Deception/social deduction,Dataset paper,EEG Dataset for Lie Detection Based on EEG Signals and Wavelets,2024,Mendeley Data,,EEG from Emotiv Insight,Individual,Lie/truth-telling bead-box task,Public,https://data.mendeley.com/datasets/5gzxb2bzs2,https://data.mendeley.com/datasets/5gzxb2bzs2,Decision-Making Comparator,Useful because ARL uses Emotiv Insight and deception-relevant task.,No group interaction/multimodal physiology.,Medium,Legacy entry — re-verification required,Not read,Existing ARL literature,Pending,,Good methods pilot reference,
MDMER-0044,Tier 3,Deception/social deduction,Research paper,Werewolf Among Us: Multimodal Resources for Social Deduction,2023,Lai et al.,,Video; dialogue/text; game logs,Groups,One Night Ultimate Werewolf / Among Us,Research/public depending subset,,https://aclanthology.org/2023.findings-acl.411.pdf,Decision-Making Comparator,Closest social deduction/gameplay reference.,No physiology; sourced from videos/games not lab acquisition.,High,Legacy entry — re-verification required,Not read,Existing ARL literature,Pending,,Important conceptual citation,
MDMER-0045,Tier 3,Deception/social deduction,Research paper,Finding Deceivers in Social Context with Large Language Models,2024,Yoo et al.,,Conversation/text; game context,Groups,Mafia/social deduction,Publication/data uncertain,,https://www.nature.com/articles/s41598-024-81997-5,Decision-Making Comparator,Directly relevant to social-context deceiver detection.,No physiology/acquisition platform.,Medium,Legacy entry — re-verification required,Not read,Existing ARL literature,Pending,,Good AI arbitration link,
MDMER-0046,Tier 3,Deception/social deduction,Dataset paper,Diplomacy / Deception in Negotiation Dataset,2020,Peskov et al.,,Text dialogue; game logs,Groups/players,Diplomacy negotiation and deception,Public/research,https://sites.google.com/view/qanta/projects/diplomacy,https://aclanthology.org/2020.acl-main.353/,Decision-Making Comparator,Useful for deception and strategic communication modeling.,Text-only; no sensor data.,Medium,Legacy entry — re-verification required,To verify,Existing ARL literature,Pending,,Useful for language features,
MDMER-0047,Tier 3,Deception/social deduction,Dataset paper,Bayesian Social Deduction with Graph-Informed Language Models Dataset,2025,Rahimirad et al.,,Game logs; language; agents/humans,Groups,Avalon social deduction,Public,https://huggingface.co/datasets/shahabrahimirad/bayesian-social-deduction,https://huggingface.co/datasets/shahabrahimirad/bayesian-social-deduction,Decision-Making Comparator,Recent social deduction dataset with strategic communication.,No physiology; AI/game-log focus.,Low,Legacy entry — re-verification required,To verify,Existing ARL literature,Pending,,Useful only for AI/deception framing,
MDMER-0048,Tier 3,Deception/social deduction,Research paper,Evaluating LLMs in Social Deduction Games with Human Multimodal Werewolf Data,2026,Authors TBD,,Video; utterances; rule variants,Groups,Werewolf/social deduction,Publication/data uncertain,,https://arxiv.org/html/2510.11389v1,Decision-Making Comparator,Very relevant emerging multimodal social-deduction direction.,Likely no physiology; needs verification due preprint status.,Medium,Legacy entry — re-verification required,To verify,Existing ARL literature,Pending,,Recent field direction,
MDMER-0049,Tier 4,Acquisition/synchronization,Software/tool paper,EYE-EEG: Synchronization and Analysis of Eye Tracking and EEG Data,2014,Dimigen et al.,,EEG; eye tracking synchronization/software,Individual,EEG-eye co-registration,Open software/resources,https://www.eyetracking-eeg.org/,https://link.springer.com/article/10.3758/s13428-013-0429-3,Background Evidence,Important for ARL EEG + EyeLogic preprocessing strategy.,Not group/multimodal physiology beyond EEG-eye.,High,Legacy entry — re-verification required,Not read,Existing ARL literature,Pending,,Useful for preprocessing pipeline,
MDMER-0050,Tier 4,Acquisition/synchronization,Standard/spec paper,Brain Imaging Data Structure (BIDS) and Extensions for EEG/iEEG/physiology,2016,Gorgolewski et al. / BIDS community,,Data standard / metadata,Any,Neuroimaging data organization,Open,https://bids.neuroimaging.io/,https://www.nature.com/articles/sdata201644,Background Evidence,Important for ARL dataset organization and metadata standardization.,Not a dataset; ARL may need BIDS-inspired not fully BIDS.,High,Legacy entry — re-verification required,Not read,Existing ARL literature,Pending,,Must consider for Scientific Data release,
MDMER-0051,Tier 1,Core multimodal datasets,Dataset paper,CogniModal-D: Multimodal Machine Learning for Deception Detection Using Behavioral and Physiological Data,2025,Joshi et al.,,EEG; ECG; EOG; gaze; GSR; audio; video,Individual,Social-relationship and mock-crime deception tasks,Public/academic,,https://www.nature.com/articles/s41598-025-92399-6,Direct comparator,Seven modalities plus deception; one of the closest sensing comparators to ARL.,"Requires structured comparison against ARL sensing, interaction, decision, and synchronization features.",Must read,Source checked,Not read,Web search,Pending,,Added during expansion from 50 to 150 records.,2026-08-25
MDMER-0052,Tier 1,Core multimodal datasets,Dataset paper,CoSuBio: Confidence and Success Dataset Based on Multimodal Biosignals,2026,Deniz & Akbulut,,EEG; EDA; BVP; temperature; accelerometer; limited facial video,Individual,Confidence manipulation; decision and cognitive tasks,Public,,https://doi.org/10.1016/j.dib.2026.112579,Decision-making comparator,Directly relevant to confidence measurement and decision behavior.,"Requires structured comparison against ARL sensing, interaction, decision, and synchronization features.",Must read,Source checked,Not read,Web search,Pending,,Added during expansion from 50 to 150 records.,2026-08-25
MDMER-0053,Tier 4,Core multimodal datasets,Dataset paper,"The Brain, Body, and Behavior Dataset (BBBD): Multimodal Recordings during Educational Videos",2026,Madsen et al.,,EEG; EOG; ECG; respiration; pupil; gaze; head motion,Individual,Educational video viewing,Public,,https://www.nature.com/articles/s41597-026-07215-1,Modality comparator,Excellent multimodal synchronization and BIDS reference.,"Requires structured comparison against ARL sensing, interaction, decision, and synchronization features.",High,Source checked,Not read,Web search,Pending,,Added during expansion from 50 to 150 records.,2026-08-25
MDMER-0054,Tier 1,Core multimodal datasets,Dataset paper,A Multimodal Dataset for Neurophysiological and AI Applications,2026,Multiple authors,,EEG; eye tracking; EDA; heart rate; game event logs,Individual,Interactive game tasks,Public,https://doi.org/10.6084/m9.figshare.28676042,https://www.nature.com/articles/s41597-026-06758-7,Direct comparator,"Combines neurophysiology, gaze, physiology, and game event logs.","Requires structured comparison against ARL sensing, interaction, decision, and synchronization features.",Must read,Source checked,Not read,Web search,Pending,,Added during expansion from 50 to 150 records.,2026-08-25
MDMER-0055,Tier 4,Core multimodal datasets,Dataset paper,SENSE-42: A Multimodal Human-Computer Interaction Dataset for Neurocognitive User State Evaluation,2026,Zhang et al.,,EEG; ECG; respiration; keyboard; mouse; webcam; self-report,Individual,Desktop tasks and alertness probes,Public,,https://www.nature.com/articles/s41597-026-07726-x,Modality comparator,Useful for synchronized behavior + physiology architecture.,"Requires structured comparison against ARL sensing, interaction, decision, and synchronization features.",High,Source checked,Not read,Web search,Pending,,Added during expansion from 50 to 150 records.,2026-08-25
MDMER-0056,Tier 4,Core multimodal datasets,Dataset paper,EAV: EEG-Audio-Video Dataset for Emotion Recognition in Conversational Contexts,2024,Lee et al.,,EEG; audio; video,Individual/conversational system,Emotion expression in conversational context,Public,,https://www.nature.com/articles/s41597-024-03838-4,Modality comparator,EEG plus audio/video in conversational setting.,"Requires structured comparison against ARL sensing, interaction, decision, and synchronization features.",High,Source checked,Not read,Web search,Pending,,Added during expansion from 50 to 150 records.,2026-08-25
MDMER-0057,Tier 4,Core multimodal datasets,Dataset paper,A Multimodal Dataset for Mixed Emotion Recognition,2024,Multiple authors,,EEG; GSR; PPG; face video,Individual,Mixed-emotion video stimuli,Request/public,https://doi.org/10.5281/zenodo.11194571,https://www.nature.com/articles/s41597-024-03676-4,Modality comparator,Time-aligned EEG/peripheral physiology/video.,"Requires structured comparison against ARL sensing, interaction, decision, and synchronization features.",Medium,Source checked,Not read,Web search,Pending,,Added during expansion from 50 to 150 records.,2026-08-25
MDMER-0058,Tier 2,Core multimodal datasets,Dataset paper,A Dataset on the Experimental Study of Online and Offline Communication with Digital and Biomarkers,2026,Tsigeman et al.,,Audio; video; salivary oxytocin; behavioral; self-report,Dyads,Face-to-face vs videoconference collaboration,Public,,https://www.nature.com/articles/s41597-026-07382-1,Social/group comparator,Naturalistic dyadic collaboration with biological and behavioral measures.,"Requires structured comparison against ARL sensing, interaction, decision, and synchronization features.",High,Source checked,Not read,Web search,Pending,,Added during expansion from 50 to 150 records.,2026-08-25
MDMER-0059,Tier 4,Core multimodal datasets,Dataset paper,A Multimodal Physiological Dataset for Driving Behaviour Analysis,2024,Tao et al.,,Physiological signals; behavioral driving data,Individual,Driving behavior,Public,,https://www.nature.com/articles/s41597-024-03222-2,Modality comparator,Useful multimodal physiology and event-alignment reference.,"Requires structured comparison against ARL sensing, interaction, decision, and synchronization features.",Medium,Source checked,Not read,Web search,Pending,,Added during expansion from 50 to 150 records.,2026-08-25
MDMER-0060,Tier 3,Core multimodal datasets,Dataset paper,A Uniform Human Multimodal Dataset for Emotion Perception and Judgment,2023,Multiple authors,,EEG; behavior; neuroimaging subsets,Individual,Two-alternative forced-choice emotion judgment,Public,,https://www.nature.com/articles/s41597-023-02693-z,Decision-making comparator,Judgment task with multimodal cognitive-neuroscience data.,"Requires structured comparison against ARL sensing, interaction, decision, and synchronization features.",Medium,Source checked,Not read,Web search,Pending,,Added during expansion from 50 to 150 records.,2026-08-25
MDMER-0061,Tier 4,Core multimodal datasets,Dataset paper,"An Open-Access Multi-modal Dataset for Cognitive, Motor and Cognitive-Motor Tasks",2026,Ajra et al.,,EEG; fNIRS; ECG; behavior; subjective ratings,Individual,N-back; arithmetic; motor imagery; cognitive-motor tasks,Public,,https://www.nature.com/articles/s41597-026-08125-y,Modality comparator,Synchronized multimodal neurophysiology with repeated sessions.,"Requires structured comparison against ARL sensing, interaction, decision, and synchronization features.",High,Source checked,Not read,Web search,Pending,,Added during expansion from 50 to 150 records.,2026-08-25
MDMER-0062,Tier 4,Core multimodal datasets,Dataset paper,A Resource for Assessing Information Processing in the Developing Brain Using EEG and Eye Tracking,2017,Langer et al.,,EEG; eye tracking; cognitive/behavioral data,Individual,Task battery,Public,,https://www.nature.com/articles/sdata201740,Modality comparator,Strong EEG + eye-tracking synchronization reference.,"Requires structured comparison against ARL sensing, interaction, decision, and synchronization features.",High,Source checked,Not read,Web search,Pending,,Added during expansion from 50 to 150 records.,2026-08-25
MDMER-0063,Tier 4,Core multimodal datasets,Dataset paper,Neural and Physiological Data from Participants Listening to Affective Music,2020,Daly et al.,,EEG; ECG/physiology; fMRI subsets; affect ratings,Individual,Affective music listening,Public,,https://www.nature.com/articles/s41597-020-0507-6,Modality comparator,Large multimodal physiological collection with synchronized affect reporting.,"Requires structured comparison against ARL sensing, interaction, decision, and synchronization features.",Medium,Source checked,Not read,Web search,Pending,,Added during expansion from 50 to 150 records.,2026-08-25
MDMER-0064,Tier 4,Core multimodal datasets,Dataset paper,SWELL Knowledge Work Dataset for Stress and User Modeling Research,2014,Koldijk et al.,,ECG; EDA; facial expression; posture; computer interaction,Individual,Office knowledge work under stress,Public,,https://scholar.google.com/scholar?q=The+SWELL+Knowledge+Work+Dataset+for+Stress+and+User+Modeling+Research,Modality comparator,Combines physiology and computer behavior in a controlled task.,"Requires structured comparison against ARL sensing, interaction, decision, and synchronization features.",Medium,Candidate — needs primary-source verification,Not read,Targeted literature expansion,Pending,,Added during expansion from 50 to 150 records.,
MDMER-0065,Tier 4,Core multimodal datasets,Dataset paper,"CLAS: A Database for Cognitive Load, Affect and Stress Recognition",2019,Markova et al.,,ECG; EDA; PPG; accelerometer; video; behavioral/self-report,Individual,Cognitive load and affect tasks,Public,,https://scholar.google.com/scholar?q=CLAS+A+Database+for+Cognitive+Load+Affect+and+Stress+Recognition,Modality comparator,Relevant peripheral physiology and task-state annotation.,"Requires structured comparison against ARL sensing, interaction, decision, and synchronization features.",Medium,Candidate — needs primary-source verification,Not read,Targeted literature expansion,Pending,,Added during expansion from 50 to 150 records.,
MDMER-0066,Tier 4,Core multimodal datasets,Dataset paper,BioVid Heat Pain Database,2013,Walter et al.,,Video; ECG; EDA; EMG,Individual,Thermal pain elicitation,Academic access,,https://scholar.google.com/scholar?q=The+BioVid+Heat+Pain+Database+data+for+the+advancement+and+systematic+validation+of+an+automated+pain+recognition+system,Modality comparator,Multimodal physiology + facial behavior; useful sensor integration precedent.,"Requires structured comparison against ARL sensing, interaction, decision, and synchronization features.",Medium,Candidate — needs primary-source verification,Not read,Targeted literature expansion,Pending,,Added during expansion from 50 to 150 records.,
MDMER-0067,Tier 4,Core multimodal datasets,Dataset paper,BP4D-Spontaneous: A High-Resolution Spontaneous 3D Dynamic Facial Expression Database,2014,Zhang et al.,,3D/2D video; physiological signals; FACS labels,Individual,Emotion elicitation,Academic access,,https://scholar.google.com/scholar?q=BP4D-Spontaneous+a+high-resolution+spontaneous+3D+dynamic+facial+expression+database,Behavior comparator,Useful synchronized video/physiological annotation precedent.,"Requires structured comparison against ARL sensing, interaction, decision, and synchronization features.",Low,Candidate — needs primary-source verification,Not read,Targeted literature expansion,Pending,,Added during expansion from 50 to 150 records.,
MDMER-0068,Tier 4,Core multimodal datasets,Dataset paper,MMASH: Multilevel Monitoring of Activity and Sleep in Healthy People,2020,Rossi et al.,,ECG; accelerometer; sleep/activity; questionnaires,Individual,24-hour naturalistic monitoring,Public,,https://scholar.google.com/scholar?q=MMASH+Multilevel+Monitoring+of+Activity+and+Sleep+in+Healthy+people+dataset,Modality comparator,Reference for wearable ECG and multimodal longitudinal data organization.,"Requires structured comparison against ARL sensing, interaction, decision, and synchronization features.",Low,Candidate — needs primary-source verification,Not read,Targeted literature expansion,Pending,,Added during expansion from 50 to 150 records.,
MDMER-0069,Tier 4,Core multimodal datasets,Dataset paper,UBFC-Phys: A Multimodal Database for Psychophysiological Studies of Social Stress,2021,Meziati Sabour et al.,,Video; PPG; EDA,Individual,Social stress / Trier Social Stress Test,Public,,https://scholar.google.com/scholar?q=UBFC-Phys+A+Multimodal+Database+for+Psychophysiological+Studies+of+Social+Stress,Modality comparator,Face video plus peripheral physiology under social stress.,"Requires structured comparison against ARL sensing, interaction, decision, and synchronization features.",Medium,Candidate — needs primary-source verification,Not read,Targeted literature expansion,Pending,,Added during expansion from 50 to 150 records.,
MDMER-0070,Tier 4,Core multimodal datasets,Dataset paper,DAPPER: A Multimodal Dataset for Person Perception and Physiological Response,2020,Multiple authors,,Audio-visual; physiological signals; annotations,Individual,Person perception,Public/academic,,https://scholar.google.com/scholar?q=DAPPER+multimodal+dataset+physiological,Background evidence,Additional multimodal affective/behavioral comparator.,"Requires structured comparison against ARL sensing, interaction, decision, and synchronization features.",Low,Candidate — needs primary-source verification,Not read,Targeted literature expansion,Pending,,Added during expansion from 50 to 150 records.,
MDMER-0071,Tier 4,Core multimodal datasets,Dataset paper,PMEmo: A Dataset for Music Emotion Recognition with Physiological Signals,2018,Zhang et al.,,EDA; music/audio; emotion labels,Individual,Music emotion,Public,,https://scholar.google.com/scholar?q=PMEmo+A+Dataset+for+Music+Emotion+Recognition+with+Physiological+Signals,Background evidence,Physiological annotation and public dataset design reference.,"Requires structured comparison against ARL sensing, interaction, decision, and synchronization features.",Low,Candidate — needs primary-source verification,Not read,Targeted literature expansion,Pending,,Added during expansion from 50 to 150 records.,
MDMER-0072,Tier 4,Core multimodal datasets,Dataset paper,DECAF: MEG-Based Multimodal Database for Decoding Affective Physiological Responses,2015,Abadi et al.,,MEG; ECG; EOG; EMG; peripheral physiology; video stimuli,Individual,Affective video/music,Academic access,,https://scholar.google.com/scholar?q=DECAF+MEG-based+multimodal+database+for+decoding+affective+physiological+responses,Modality comparator,Rich central + peripheral physiological multimodality.,"Requires structured comparison against ARL sensing, interaction, decision, and synchronization features.",Medium,Candidate — needs primary-source verification,Not read,Targeted literature expansion,Pending,,Added during expansion from 50 to 150 records.,
MDMER-0073,Tier 4,Core multimodal datasets,Dataset paper,AMIGOS Companion Multimodal Affective Computing Benchmark Study,2018,Siddharth et al.,,EEG; ECG; GSR; video,Individual + groups,Emotion classification,Public via AMIGOS,,https://arxiv.org/abs/1804.09452,Background evidence,Shows multimodal fusion behavior using a key comparator dataset.,"Requires structured comparison against ARL sensing, interaction, decision, and synchronization features.",Medium,Candidate — needs primary-source verification,Not read,Targeted literature expansion,Pending,,Added during expansion from 50 to 150 records.,
MDMER-0074,Tier 4,Core multimodal datasets,Dataset paper,AffectiveROAD: A Multimodal Dataset for Affect Recognition in Driving,2019,Haouij et al.,,EDA; ECG/HR; respiration; video/vehicle context,Individual,Real-world driving,Academic/public,,https://scholar.google.com/scholar?q=AffectiveROAD+dataset+multimodal+affect+recognition+driving,Modality comparator,Naturalistic multimodal physiology and event context.,"Requires structured comparison against ARL sensing, interaction, decision, and synchronization features.",Low,Candidate — needs primary-source verification,Not read,Targeted literature expansion,Pending,,Added during expansion from 50 to 150 records.,
MDMER-0075,Tier 4,Core multimodal datasets,Dataset paper,Driver Stress Dataset / Stress Recognition in Automobile Drivers,2005,Healey & Picard,,ECG; EMG; EDA; respiration,Individual,Real-world driving stress,Public/academic,,https://scholar.google.com/scholar?q=Detecting+stress+during+real-world+driving+tasks+using+physiological+sensors,Modality comparator,Classic multimodal physiological sensing study.,"Requires structured comparison against ARL sensing, interaction, decision, and synchronization features.",Low,Candidate — needs primary-source verification,Not read,Targeted literature expansion,Pending,,Added during expansion from 50 to 150 records.,
MDMER-0076,Tier 4,Core multimodal datasets,Dataset paper,MMSD: Multimodal Mental Stress Detection Dataset,2022,Multiple authors,,EEG; ECG; EDA; respiration/behavioral measures,Individual,Mental stress tasks,Public/academic,,https://scholar.google.com/scholar?q=multimodal+mental+stress+detection+dataset+EEG+ECG+EDA,Modality comparator,Synchronized stress physiology useful as engineering comparator.,"Requires structured comparison against ARL sensing, interaction, decision, and synchronization features.",Low,Candidate — needs primary-source verification,Not read,Targeted literature expansion,Pending,,Added during expansion from 50 to 150 records.,
MDMER-0077,Tier 4,Core multimodal datasets,Dataset paper,A Multimodal Dataset for Human Stress Detection in Human-Computer Interaction,2023,Multiple authors,,EEG; ECG/PPG; EDA; video; interaction logs,Individual,Computer tasks under stress,Public/academic,,https://scholar.google.com/scholar?q=multimodal+dataset+human+stress+detection+EEG+ECG+EDA+video+human+computer+interaction,Modality comparator,Potential multimodal acquisition comparator; verify exact dataset details.,"Requires structured comparison against ARL sensing, interaction, decision, and synchronization features.",Low,Candidate — needs primary-source verification,Not read,Targeted literature expansion,Pending,,Added during expansion from 50 to 150 records.,
MDMER-0078,Tier 4,Core multimodal datasets,Dataset paper,A Multimodal Dataset for Cognitive Workload Assessment Using EEG and Peripheral Physiology,2022,Multiple authors,,EEG; ECG/PPG; EDA; respiration,Individual,Cognitive workload,Public/academic,,https://scholar.google.com/scholar?q=multimodal+dataset+cognitive+workload+EEG+peripheral+physiology,Modality comparator,Relevant to multimodal physiological feature integration.,"Requires structured comparison against ARL sensing, interaction, decision, and synchronization features.",Low,Candidate — needs primary-source verification,Not read,Targeted literature expansion,Pending,,Added during expansion from 50 to 150 records.,
MDMER-0079,Tier 2,Core multimodal datasets,Dataset paper,A Multimodal Dataset of Naturalistic Human-Human Interaction with Wearable Sensors,2021,Multiple authors,,Wearable physiology; audio; video; motion,Dyads/groups,Naturalistic interaction,Public/academic,,https://scholar.google.com/scholar?q=multimodal+dataset+naturalistic+human+human+interaction+wearable+physiology+audio+video,Social/group comparator,Candidate social interaction comparator requiring verification.,"Requires structured comparison against ARL sensing, interaction, decision, and synchronization features.",Low,Candidate — needs primary-source verification,Not read,Targeted literature expansion,Pending,,Added during expansion from 50 to 150 records.,
MDMER-0080,Tier 1,Core multimodal datasets,Dataset paper,Puzzle-STAMPS: Multimodal Team Interaction Dataset,2026,Multiple authors,,Audio; video; ECG; respiration; SpO2; temperature; IMU; RTLS,Teams,Collaborative puzzle solving,Public,https://puzzle-stamps.is.tue.mpg.de/dataset-data.html,https://puzzle-stamps.is.tue.mpg.de/,Social/group comparator,Very relevant team-interaction dataset with synchronized physiology and audiovisual data.,"Requires structured comparison against ARL sensing, interaction, decision, and synchronization features.",Must read,Source checked,Not read,Web search,Pending,,Added during expansion from 50 to 150 records.,2026-08-25
MDMER-0081,Tier 3,Decision making,Dataset paper,A Comprehensive Multimodal MRI and EEG-TMS Dataset on the Impact of Parietal Cortex Inhibition on Decision-Making under Ambiguity,2026,Multiple authors,,MRI; EEG; TMS; behavior,Individual,Risk and ambiguity decision-making,Public,,https://doi.org/10.1016/j.dib.2026.112535,Decision-making comparator,Direct decision-under-ambiguity dataset.,"Requires structured comparison against ARL sensing, interaction, decision, and synchronization features.",High,Source checked,Not read,Web search,Pending,,Added during expansion from 50 to 150 records.,2026-08-25
MDMER-0082,Tier 3,Decision making,Research paper,Neural Mechanisms of Decision Making under Risk and Ambiguity,2005,Hsu et al.,,fMRI; behavior,Individual,Risk/ambiguity choice,Article,,https://scholar.google.com/scholar?q=Neural+systems+responding+to+degrees+of+uncertainty+in+human+decision-making,Background evidence,Foundational uncertainty/ambiguity framework for ARL decisions.,"Requires structured comparison against ARL sensing, interaction, decision, and synchronization features.",High,Candidate — needs primary-source verification,Not read,Targeted literature expansion,Pending,,Added during expansion from 50 to 150 records.,
MDMER-0083,Tier 3,Decision making,Research paper,Neural Systems Responding to Degrees of Uncertainty in Human Decision-Making,2005,Huettel et al.,,fMRI; behavior,Individual,Decision uncertainty,Article,,https://scholar.google.com/scholar?q=Neural+signatures+of+economic+preferences+for+risk+and+ambiguity,Background evidence,Foundational uncertainty neuroscience.,"Requires structured comparison against ARL sensing, interaction, decision, and synchronization features.",High,Candidate — needs primary-source verification,Not read,Targeted literature expansion,Pending,,Added during expansion from 50 to 150 records.,
MDMER-0084,Tier 3,Decision making,Research paper,The Neural Basis of Loss Aversion in Decision-Making under Risk,2007,Tom et al.,,fMRI; behavior,Individual,Risky choice,Article,,https://scholar.google.com/scholar?q=The+neural+basis+of+loss+aversion+in+decision-making+under+risk,Background evidence,Classic decision neuroscience comparator.,"Requires structured comparison against ARL sensing, interaction, decision, and synchronization features.",Medium,Candidate — needs primary-source verification,Not read,Targeted literature expansion,Pending,,Added during expansion from 50 to 150 records.,
MDMER-0085,Tier 3,Decision making,Research paper,Single-Trial EEG Correlates of Confidence and Error Awareness in Perceptual Decision Making,2010,Multiple authors,,EEG; behavior; confidence,Individual,Perceptual decisions,Article,,https://scholar.google.com/scholar?q=EEG+confidence+perceptual+decision+making+single+trial,Decision-making comparator,Direct confidence-linked EEG evidence.,"Requires structured comparison against ARL sensing, interaction, decision, and synchronization features.",High,Candidate — needs primary-source verification,Not read,Targeted literature expansion,Pending,,Added during expansion from 50 to 150 records.,
MDMER-0086,Tier 3,Decision making,Research paper,Neural Correlates of Decision Confidence,2012,Kepecs et al./related literature,,EEG/fMRI; behavior,Individual,Confidence judgment,Article,,https://scholar.google.com/scholar?q=neural+correlates+of+decision+confidence+human+EEG,Decision-making comparator,Supports confidence as a measurable cognitive variable.,"Requires structured comparison against ARL sensing, interaction, decision, and synchronization features.",High,Candidate — needs primary-source verification,Not read,Targeted literature expansion,Pending,,Added during expansion from 50 to 150 records.,
MDMER-0087,Tier 3,Decision making,Research paper,Post-Decision Wagering and Confidence in Perceptual Decisions,2006,Persaud et al.,,Behavior,Individual,Confidence / awareness,Article,,https://scholar.google.com/scholar?q=Post-decision+wagering+objectively+measures+awareness,Background evidence,Methodological precedent for confidence reporting.,"Requires structured comparison against ARL sensing, interaction, decision, and synchronization features.",Medium,Candidate — needs primary-source verification,Not read,Targeted literature expansion,Pending,,Added during expansion from 50 to 150 records.,
MDMER-0088,Tier 3,Decision making,Research paper,The Neural Basis of Metacognitive Confidence,2014,Fleming & Dolan,,fMRI/behavior review,Individual,Confidence / metacognition,Article,,https://scholar.google.com/scholar?q=The+neural+basis+of+metacognitive+ability,Background evidence,Theoretical basis for confidence ratings.,"Requires structured comparison against ARL sensing, interaction, decision, and synchronization features.",High,Candidate — needs primary-source verification,Not read,Targeted literature expansion,Pending,,Added during expansion from 50 to 150 records.,
MDMER-0089,Tier 1,Decision making,Research paper,Frontal Midline Theta Reflects Decision Conflict and Cognitive Control,2014,Cavanagh & Frank,,EEG review,Individual,Conflict/control,Article,,https://scholar.google.com/scholar?q=Frontal+theta+as+a+mechanism+for+cognitive+control,Background evidence,Directly supports ARL frontal-theta hypothesis.,"Requires structured comparison against ARL sensing, interaction, decision, and synchronization features.",Must read,Candidate — needs primary-source verification,Not read,Targeted literature expansion,Pending,,Added during expansion from 50 to 150 records.,
MDMER-0090,Tier 3,Decision making,Research paper,Theta and Decision Conflict in Reinforcement Learning,2012,Cavanagh et al.,,EEG; behavior,Individual,Reinforcement learning / conflict,Article,,https://scholar.google.com/scholar?q=EEG+theta+decision+conflict+reinforcement+learning+Cavanagh,Background evidence,Links frontal theta to conflict and adaptive decisions.,"Requires structured comparison against ARL sensing, interaction, decision, and synchronization features.",High,Candidate — needs primary-source verification,Not read,Targeted literature expansion,Pending,,Added during expansion from 50 to 150 records.,
MDMER-0091,Tier 3,Decision making,Research paper,Error-Related Negativity and Decision Confidence,2015,Multiple authors,,EEG; behavior,Individual,Error monitoring/confidence,Article,,https://scholar.google.com/scholar?q=error+related+negativity+decision+confidence+EEG,Decision-making comparator,Useful for trial-level decision monitoring.,"Requires structured comparison against ARL sensing, interaction, decision, and synchronization features.",Medium,Candidate — needs primary-source verification,Not read,Targeted literature expansion,Pending,,Added during expansion from 50 to 150 records.,
MDMER-0092,Tier 3,Decision making,Research paper,Neural Correlates of Evidence Accumulation in Human Decision Making,2008,Heekeren et al.,,fMRI/EEG literature,Individual,Perceptual decision,Article,,https://scholar.google.com/scholar?q=A+general+mechanism+for+perceptual+decision-making+in+the+human+brain,Background evidence,Evidence accumulation framework relevant to belief updating.,"Requires structured comparison against ARL sensing, interaction, decision, and synchronization features.",Medium,Candidate — needs primary-source verification,Not read,Targeted literature expansion,Pending,,Added during expansion from 50 to 150 records.,
MDMER-0093,Tier 3,Decision making,Research paper,A Neural Mechanism of Reward-Based Decision-Making,2006,Daw et al.,,fMRI; behavior,Individual,Exploration/exploitation,Article,,https://scholar.google.com/scholar?q=Cortical+substrates+for+exploratory+decisions+in+humans,Background evidence,Relevant to adaptive strategy switching.,"Requires structured comparison against ARL sensing, interaction, decision, and synchronization features.",Medium,Candidate — needs primary-source verification,Not read,Targeted literature expansion,Pending,,Added during expansion from 50 to 150 records.,
MDMER-0094,Tier 3,Decision making,Research paper,Exploration-Exploitation and Uncertainty in Human Decision Making,2006,Daw et al.,,fMRI; behavior,Individual,Bandit task,Article,,https://scholar.google.com/scholar?q=Cortical+substrates+for+exploratory+decisions+in+humans+Daw+2006,Background evidence,Uncertainty-driven strategy change comparator.,"Requires structured comparison against ARL sensing, interaction, decision, and synchronization features.",Medium,Candidate — needs primary-source verification,Not read,Targeted literature expansion,Pending,,Added during expansion from 50 to 150 records.,
MDMER-0095,Tier 3,Decision making,Research paper,Iowa Gambling Task: Simulation of Real-Life Decision-Making,1994,Bechara et al.,,Behavior; autonomic follow-up studies,Individual,Iowa Gambling Task,Article,,https://scholar.google.com/scholar?q=Insensitivity+to+future+consequences+following+damage+to+human+prefrontal+cortex+Iowa+Gambling+Task,Background evidence,Foundational decision-under-uncertainty paradigm.,"Requires structured comparison against ARL sensing, interaction, decision, and synchronization features.",High,Candidate — needs primary-source verification,Not read,Targeted literature expansion,Pending,,Added during expansion from 50 to 150 records.,
MDMER-0096,Tier 1,Decision making,Research paper,Deciding Advantageously before Knowing the Advantageous Strategy,1997,Bechara et al.,,Skin conductance; behavior,Individual,Iowa Gambling Task,Article,,https://scholar.google.com/scholar?q=Deciding+advantageously+before+knowing+the+advantageous+strategy,Decision-making comparator,Classic physiology + implicit decision evidence.,"Requires structured comparison against ARL sensing, interaction, decision, and synchronization features.",Must read,Candidate — needs primary-source verification,Not read,Targeted literature expansion,Pending,,Added during expansion from 50 to 150 records.,
MDMER-0097,Tier 3,Decision making,Research paper,Anticipatory Skin Conductance Responses in the Iowa Gambling Task,2000,Bechara et al.,,EDA/GSR; behavior,Individual,Iowa Gambling Task,Article,,https://scholar.google.com/scholar?q=Characterization+of+the+decision-making+deficit+of+patients+with+ventromedial+prefrontal+cortex+lesions,Decision-making comparator,Direct physiological marker under uncertain decisions.,"Requires structured comparison against ARL sensing, interaction, decision, and synchronization features.",High,Candidate — needs primary-source verification,Not read,Targeted literature expansion,Pending,,Added during expansion from 50 to 150 records.,
MDMER-0098,Tier 3,Decision making,Research paper,Heart Rate Variability and Decision-Making under Uncertainty,2015,Multiple authors,,ECG/HRV; behavior,Individual,Risk/uncertainty task,Article,,https://scholar.google.com/scholar?q=heart+rate+variability+decision+making+under+uncertainty,Decision-making comparator,Direct HRV relevance to ARL hypotheses.,"Requires structured comparison against ARL sensing, interaction, decision, and synchronization features.",High,Candidate — needs primary-source verification,Not read,Targeted literature expansion,Pending,,Added during expansion from 50 to 150 records.,
MDMER-0099,Tier 3,Decision making,Research paper,Electrodermal Activity Predicts Risky Decision-Making,2013,Multiple authors,,EDA/GSR; behavior,Individual,Risk task,Article,,https://scholar.google.com/scholar?q=electrodermal+activity+risky+decision+making,Decision-making comparator,Autonomic decision-state precedent.,"Requires structured comparison against ARL sensing, interaction, decision, and synchronization features.",Medium,Candidate — needs primary-source verification,Not read,Targeted literature expansion,Pending,,Added during expansion from 50 to 150 records.,
MDMER-0100,Tier 3,Decision making,Research paper,Pupil Dilation Tracks Decision Uncertainty and Surprise,2015,Urai et al.,,Eye tracking/pupil; behavior,Individual,Perceptual decisions,Article,,https://scholar.google.com/scholar?q=Pupil-linked+arousal+is+driven+by+decision+uncertainty+and+alters+serial+choice+bias,Decision-making comparator,Eye-tracking marker of uncertainty relevant to ARL.,"Requires structured comparison against ARL sensing, interaction, decision, and synchronization features.",High,Candidate — needs primary-source verification,Not read,Targeted literature expansion,Pending,,Added during expansion from 50 to 150 records.,
MDMER-0101,Tier 3,Decision making,Research paper,Pupil-Linked Arousal and Decision Bias,2017,de Gee et al.,,Pupillometry; behavior,Individual,Perceptual decisions,Article,,https://scholar.google.com/scholar?q=Pupil-linked+arousal+predicts+decision+bias+and+confidence,Decision-making comparator,Links gaze physiology and decisions.,"Requires structured comparison against ARL sensing, interaction, decision, and synchronization features.",Medium,Candidate — needs primary-source verification,Not read,Targeted literature expansion,Pending,,Added during expansion from 50 to 150 records.,
MDMER-0102,Tier 3,Decision making,Research paper,Autonomic Arousal and Decision Confidence,2020,Multiple authors,,ECG/EDA/pupil; behavior,Individual,Confidence judgments,Article,,https://scholar.google.com/scholar?q=autonomic+arousal+decision+confidence+pupil+heart+rate+skin+conductance,Decision-making comparator,Multimodal confidence physiology candidate.,"Requires structured comparison against ARL sensing, interaction, decision, and synchronization features.",High,Candidate — needs primary-source verification,Not read,Targeted literature expansion,Pending,,Added during expansion from 50 to 150 records.,
MDMER-0103,Tier 2,Decision making,Research paper,Confidence Leak in Perceptual Decision-Making,2018,Bang et al.,,Behavior; confidence,Dyads,Social confidence exchange,Article,,https://scholar.google.com/scholar?q=Confidence+matching+in+group+decision-making+Bang,Social/group comparator,Useful for confidence communication in group decisions.,"Requires structured comparison against ARL sensing, interaction, decision, and synchronization features.",High,Candidate — needs primary-source verification,Not read,Targeted literature expansion,Pending,,Added during expansion from 50 to 150 records.,
MDMER-0104,Tier 1,Decision making,Research paper,Optimally Interacting Minds,2010,Bahrami et al.,,Behavior; communication,Dyads,Collective perceptual decision,Article,,https://scholar.google.com/scholar?q=Optimally+interacting+minds+Bahrami+Science+2010,Social/group comparator,Foundational collective decision-making study.,"Requires structured comparison against ARL sensing, interaction, decision, and synchronization features.",Must read,Candidate — needs primary-source verification,Not read,Targeted literature expansion,Pending,,Added during expansion from 50 to 150 records.,
MDMER-0105,Tier 2,Decision making,Research paper,Collective Decision-Making and Confidence Sharing,2012,Bahrami et al.,,Behavior; communication,Dyads,Joint decisions,Article,,https://scholar.google.com/scholar?q=What+failure+in+collective+decision-making+tells+us+about+metacognition+Bahrami,Social/group comparator,Directly relevant to confidence and group arbitration.,"Requires structured comparison against ARL sensing, interaction, decision, and synchronization features.",High,Candidate — needs primary-source verification,Not read,Targeted literature expansion,Pending,,Added during expansion from 50 to 150 records.,
MDMER-0106,Tier 1,Decision making,Research paper,Hidden-Profile Tasks and Information Sharing in Group Decision Making,1985,Stasser & Titus,,Behavior,Groups,Hidden-profile decision task,Article,,https://scholar.google.com/scholar?q=Pooling+of+unshared+information+in+group+decision+making+biased+information+sampling+during+discussion,Social/group comparator,Very relevant conceptual comparator for incomplete/shared information.,"Requires structured comparison against ARL sensing, interaction, decision, and synchronization features.",Must read,Candidate — needs primary-source verification,Not read,Targeted literature expansion,Pending,,Added during expansion from 50 to 150 records.,
MDMER-0107,Tier 2,Decision making,Research paper,Information Sampling and Group Decision Quality in Hidden Profiles,1992,Stasser et al.,,Behavior,Groups,Hidden-profile group decision,Article,,https://scholar.google.com/scholar?q=Information+sampling+during+discussion+Stasser+group+decision+hidden+profile,Social/group comparator,Relevant to information arbitration in groups.,"Requires structured comparison against ARL sensing, interaction, decision, and synchronization features.",High,Candidate — needs primary-source verification,Not read,Targeted literature expansion,Pending,,Added during expansion from 50 to 150 records.,
MDMER-0108,Tier 2,Decision making,Research paper,Social Influence on Decision Confidence and Choice,2016,Multiple authors,,Behavior; EEG/fMRI subsets,Dyads/groups,Social influence task,Article,,https://scholar.google.com/scholar?q=social+influence+decision+confidence+EEG,Social/group comparator,Relevant to belief updating under peer information.,"Requires structured comparison against ARL sensing, interaction, decision, and synchronization features.",High,Candidate — needs primary-source verification,Not read,Targeted literature expansion,Pending,,Added during expansion from 50 to 150 records.,
MDMER-0109,Tier 1,Social/group neuroscience,Research paper,Human Brain-to-Brain Synchronization during Social Coordination,2012,"Cui, Bryant & Reiss",,fNIRS hyperscanning,Dyads,Cooperation/competition,Article,,https://scholar.google.com/scholar?q=NIRS-based+hyperscanning+reveals+increased+interpersonal+coherence+in+superior+frontal+cortex+during+cooperation,Social/group comparator,Canonical physiological synchrony during cooperation.,"Requires structured comparison against ARL sensing, interaction, decision, and synchronization features.",Must read,Candidate — needs primary-source verification,Not read,Targeted literature expansion,Pending,,Added during expansion from 50 to 150 records.,
MDMER-0110,Tier 1,Social/group neuroscience,Research paper,Inter-Brain Synchronization during Coordinated Behavior,2010,Dumas et al.,,EEG hyperscanning,Dyads,Imitation / social coordination,Article,,https://scholar.google.com/scholar?q=Inter-brain+synchronization+during+social+interaction+Dumas+2010,Social/group comparator,Foundational EEG hyperscanning interaction evidence.,"Requires structured comparison against ARL sensing, interaction, decision, and synchronization features.",Must read,Candidate — needs primary-source verification,Not read,Targeted literature expansion,Pending,,Added during expansion from 50 to 150 records.,
MDMER-0111,Tier 2,Social/group neuroscience,Research paper,Hyper-Brain Networks in Multi-Person Social Interaction,2011,Babiloni et al.,,EEG hyperscanning,Groups,Card game / social interaction,Article,,https://scholar.google.com/scholar?q=Hypermethods+for+EEG+hyperscanning+Babiloni+card+game,Social/group comparator,Group EEG interaction precedent.,"Requires structured comparison against ARL sensing, interaction, decision, and synchronization features.",High,Candidate — needs primary-source verification,Not read,Targeted literature expansion,Pending,,Added during expansion from 50 to 150 records.,
MDMER-0112,Tier 2,Social/group neuroscience,Research paper,Neuroelectrical Hyperscanning Measures Simultaneous Brain Activity in Humans,2007,Babiloni et al.,,EEG hyperscanning,Groups,Card game,Article,,https://scholar.google.com/scholar?q=Simultaneous+human+brain+activity+during+a+card+game+by+hyperscanning,Social/group comparator,Early multi-person EEG paradigm highly relevant historically.,"Requires structured comparison against ARL sensing, interaction, decision, and synchronization features.",High,Candidate — needs primary-source verification,Not read,Targeted literature expansion,Pending,,Added during expansion from 50 to 150 records.,
MDMER-0113,Tier 2,Social/group neuroscience,Research paper,Inter-Brain Connectivity during Cooperative Games,2010,Astolfi et al.,,EEG hyperscanning,Groups,Cooperative card game,Article,,https://scholar.google.com/scholar?q=Neuroelectrical+hyperscanning+measures+simultaneous+brain+activity+in+humans+Astolfi+cooperation,Social/group comparator,Multi-person decision/social interaction precedent.,"Requires structured comparison against ARL sensing, interaction, decision, and synchronization features.",High,Candidate — needs primary-source verification,Not read,Targeted literature expansion,Pending,,Added during expansion from 50 to 150 records.,
MDMER-0114,Tier 2,Social/group neuroscience,Research paper,Neural Synchronization during Face-to-Face Communication,2012,Jiang et al.,,fNIRS hyperscanning,Dyads,Face-to-face dialogue,Article,,https://scholar.google.com/scholar?q=Neural+synchronization+during+face-to-face+communication+Jiang+2012,Social/group comparator,Conversation-linked interbrain synchrony.,"Requires structured comparison against ARL sensing, interaction, decision, and synchronization features.",High,Candidate — needs primary-source verification,Not read,Targeted literature expansion,Pending,,Added during expansion from 50 to 150 records.,
MDMER-0115,Tier 2,Social/group neuroscience,Research paper,Speaker-Listener Neural Coupling Underlies Successful Communication,2010,"Stephens, Silbert & Hasson",,fMRI; behavior,Dyads,Narrative communication,Article,,https://scholar.google.com/scholar?q=Speaker-listener+neural+coupling+underlies+successful+communication,Background evidence,Foundational interpersonal neural coupling.,"Requires structured comparison against ARL sensing, interaction, decision, and synchronization features.",Medium,Candidate — needs primary-source verification,Not read,Targeted literature expansion,Pending,,Added during expansion from 50 to 150 records.,
MDMER-0116,Tier 2,Social/group neuroscience,Research paper,Brain-to-Brain Coupling Predicts Collective Performance,2017,Multiple authors,,EEG/fNIRS hyperscanning,Teams,Cooperative task,Article,,https://scholar.google.com/scholar?q=inter-brain+synchrony+predicts+collective+performance+team,Social/group comparator,Direct link between synchrony and team performance.,"Requires structured comparison against ARL sensing, interaction, decision, and synchronization features.",High,Candidate — needs primary-source verification,Not read,Targeted literature expansion,Pending,,Added during expansion from 50 to 150 records.,
MDMER-0117,Tier 2,Social/group neuroscience,Research paper,Interpersonal Neural Synchronization during Cooperation,2015,Cheng et al.,,fNIRS hyperscanning,Dyads,Cooperative task,Article,,https://scholar.google.com/scholar?q=Interpersonal+neural+synchronization+during+cooperation+fNIRS,Social/group comparator,Cooperation and synchrony reference.,"Requires structured comparison against ARL sensing, interaction, decision, and synchronization features.",Medium,Candidate — needs primary-source verification,Not read,Targeted literature expansion,Pending,,Added during expansion from 50 to 150 records.,
MDMER-0118,Tier 2,Social/group neuroscience,Research paper,Inter-Brain Synchrony in Naturalistic Social Interaction,2018,Kinreich et al.,,EEG hyperscanning,Dyads,Natural interaction,Article,,https://scholar.google.com/scholar?q=Brain-to-brain+synchrony+during+naturalistic+social+interactions+Kinreich,Social/group comparator,Naturalistic EEG social synchrony.,"Requires structured comparison against ARL sensing, interaction, decision, and synchronization features.",High,Candidate — needs primary-source verification,Not read,Targeted literature expansion,Pending,,Added during expansion from 50 to 150 records.,
MDMER-0119,Tier 1,Social/group neuroscience,Research paper,EEG Hyperscanning during Group Decision-Making,2019,Multiple authors,,EEG hyperscanning,Groups,Group choice,Article,,https://scholar.google.com/scholar?q=EEG+hyperscanning+group+decision+making,Direct comparator,Direct experimental category for ARL; exact study details to verify.,"Requires structured comparison against ARL sensing, interaction, decision, and synchronization features.",Must read,Candidate — needs primary-source verification,Not read,Targeted literature expansion,Pending,,Added during expansion from 50 to 150 records.,
MDMER-0120,Tier 2,Social/group neuroscience,Research paper,Physiological Synchrony and Team Performance,2016,Palumbo et al.,,ECG/EDA/respiration review,Dyads/teams,Collaborative tasks,Article,,https://scholar.google.com/scholar?q=Interpersonal+autonomic+physiology+a+systematic+review+of+the+literature+Palumbo+physiological+synchrony,Background evidence,Provides framework for interpersonal physiological synchrony.,"Requires structured comparison against ARL sensing, interaction, decision, and synchronization features.",High,Candidate — needs primary-source verification,Not read,Targeted literature expansion,Pending,,Added during expansion from 50 to 150 records.,
MDMER-0121,Tier 1,Social/group neuroscience,Review,Interpersonal Autonomic Physiology: A Systematic Review of the Literature,2017,Palumbo et al.,,ECG; EDA; respiration; autonomic signals,Dyads/groups,Social interaction,Article,,https://scholar.google.com/scholar?q=Interpersonal+autonomic+physiology+a+systematic+review+of+the+literature,Background evidence,Core review for peripheral physiological synchrony.,"Requires structured comparison against ARL sensing, interaction, decision, and synchronization features.",Must read,Candidate — needs primary-source verification,Not read,Targeted literature expansion,Pending,,Added during expansion from 50 to 150 records.,
MDMER-0122,Tier 2,Social/group neuroscience,Review,The Neuroscience of Hyperscanning,2012,Babiloni & Astolfi,,EEG/fNIRS/fMRI hyperscanning,Multi-person,Social interaction,Article,,https://scholar.google.com/scholar?q=Social+neuroscience+and+hyperscanning+techniques+past+present+and+future,Background evidence,Foundational methods review.,"Requires structured comparison against ARL sensing, interaction, decision, and synchronization features.",High,Candidate — needs primary-source verification,Not read,Targeted literature expansion,Pending,,Added during expansion from 50 to 150 records.,
MDMER-0123,Tier 1,Social/group neuroscience,Review,Hyperscanning: A Review of Methods and Applications,2019,Czeszumski et al.,,EEG; fNIRS; fMRI,Dyads/groups,Social interaction,Article,,https://scholar.google.com/scholar?q=Hyperscanning+what+do+we+know+and+what+do+we+need+to+know+Czeszumski,Background evidence,Methodological guide for multi-person neurophysiology.,"Requires structured comparison against ARL sensing, interaction, decision, and synchronization features.",Must read,Candidate — needs primary-source verification,Not read,Targeted literature expansion,Pending,,Added during expansion from 50 to 150 records.,
MDMER-0124,Tier 2,Social/group neuroscience,Research paper,Interbrain Synchrony during Joint Attention,2017,Piazza et al.,,fNIRS hyperscanning,Dyads,Joint attention / communication,Article,,https://scholar.google.com/scholar?q=Infant+and+adult+brains+are+coupled+to+the+dynamics+of+natural+communication+Piazza,Social/group comparator,Joint-attention synchrony precedent.,"Requires structured comparison against ARL sensing, interaction, decision, and synchronization features.",Medium,Candidate — needs primary-source verification,Not read,Targeted literature expansion,Pending,,Added during expansion from 50 to 150 records.,
MDMER-0125,Tier 2,Social/group neuroscience,Research paper,Interpersonal Brain Synchronization during Cooperation and Competition,2017,Pan et al.,,fNIRS hyperscanning,Dyads,Cooperation vs competition,Article,,https://scholar.google.com/scholar?q=Interpersonal+brain+synchronization+with+cooperation+and+competition+fNIRS+Pan,Social/group comparator,Direct comparison of cooperative/competitive states.,"Requires structured comparison against ARL sensing, interaction, decision, and synchronization features.",High,Candidate — needs primary-source verification,Not read,Targeted literature expansion,Pending,,Added during expansion from 50 to 150 records.,
MDMER-0126,Tier 2,Social/group neuroscience,Research paper,Neural Synchrony in Teams during Real-World Collaborative Tasks,2020,Multiple authors,,EEG hyperscanning,Teams,Team collaboration,Article,,https://scholar.google.com/scholar?q=EEG+hyperscanning+team+collaboration+real+world+task,Social/group comparator,Candidate team-neurophysiology comparator.,"Requires structured comparison against ARL sensing, interaction, decision, and synchronization features.",High,Candidate — needs primary-source verification,Not read,Targeted literature expansion,Pending,,Added during expansion from 50 to 150 records.,
MDMER-0127,Tier 2,Social/group neuroscience,Research paper,Group Flow and Inter-Brain Synchrony,2021,Shehata et al.,,EEG hyperscanning,Teams,Music/group flow,Article,,https://scholar.google.com/scholar?q=Team+flow+is+a+unique+brain+state+associated+with+enhanced+information+integration+and+interbrain+synchrony,Social/group comparator,Multi-person neural synchrony and group state.,"Requires structured comparison against ARL sensing, interaction, decision, and synchronization features.",Medium,Candidate — needs primary-source verification,Not read,Targeted literature expansion,Pending,,Added during expansion from 50 to 150 records.,
MDMER-0128,Tier 2,Social/group neuroscience,Research paper,Physiological Coupling in Collaborative Problem Solving,2018,Multiple authors,,EDA; ECG/HR,Dyads/groups,Collaborative problem solving,Article,,https://scholar.google.com/scholar?q=physiological+synchrony+collaborative+problem+solving+electrodermal+heart+rate,Social/group comparator,Peripheral synchrony during joint tasks.,"Requires structured comparison against ARL sensing, interaction, decision, and synchronization features.",High,Candidate — needs primary-source verification,Not read,Targeted literature expansion,Pending,,Added during expansion from 50 to 150 records.,
MDMER-0129,Tier 2,Social/group neuroscience,Research paper,Electrodermal Synchrony during Team Collaboration,2014,Multiple authors,,EDA,Groups,Team task,Article,,https://scholar.google.com/scholar?q=electrodermal+synchrony+team+collaboration+performance,Social/group comparator,EDA synchrony as group-interaction marker.,"Requires structured comparison against ARL sensing, interaction, decision, and synchronization features.",Medium,Candidate — needs primary-source verification,Not read,Targeted literature expansion,Pending,,Added during expansion from 50 to 150 records.,
MDMER-0130,Tier 1,Deception and trust,Dataset paper,"Deception_data: EEG, Physiological and Behavioral Data during Gambling and Cognitive Control",2026,"Makowski, Pham & Lau",,EEG; ECG; respiration; EDA; EMG; behavior,Individual,Spontaneous deception gambling game; cognitive control,Public,https://doi.org/10.18112/openneuro.ds004511.v1.0.2,https://nemar.org/dataset/on004511,Direct comparator,Very strong physiology + deception + decision comparator.,"Requires structured comparison against ARL sensing, interaction, decision, and synchronization features.",Must read,Source checked,Not read,Web search,Pending,,Added during expansion from 50 to 150 records.,2026-08-25
MDMER-0131,Tier 3,Deception and trust,Dataset paper,"A Multi-Class EEG Dataset for Behavioral Roles in Deception: Honesty, Bluffing, Lying, and Deceiving",2026,Multiple authors,,EEG; event markers,Individual,Mock crime / interrogation roles,Public,https://doi.org/10.6084/m9.figshare.32302035,https://www.mdpi.com/2306-5729/11/7/162,Decision-making comparator,Role-based deception categories and precise event markers.,"Requires structured comparison against ARL sensing, interaction, decision, and synchronization features.",High,Source checked,Not read,Web search,Pending,,Added during expansion from 50 to 150 records.,2026-08-25
MDMER-0132,Tier 3,Deception and trust,Research paper,The Truth and Nothing but the Truth: Multimodal Deception Detection,2019,Multiple authors,,Video; audio; text; behavioral cues,Individual/dyadic interviews,Deception interviews,Article/dataset,,https://scholar.google.com/scholar?q=multimodal+deception+detection+audio+video+physiological,Deception comparator,Behavioral multimodal deception benchmark.,"Requires structured comparison against ARL sensing, interaction, decision, and synchronization features.",Medium,Candidate — needs primary-source verification,Not read,Targeted literature expansion,Pending,,Added during expansion from 50 to 150 records.,
MDMER-0133,Tier 3,Deception and trust,Research paper,Neural Signatures of Spontaneous Deception,2009,Ganis et al./related,,fMRI/EEG,Individual,Spontaneous vs instructed lying,Article,,https://scholar.google.com/scholar?q=neural+signatures+spontaneous+deception+EEG+fMRI,Background evidence,Theoretical deception neuroscience.,"Requires structured comparison against ARL sensing, interaction, decision, and synchronization features.",Medium,Candidate — needs primary-source verification,Not read,Targeted literature expansion,Pending,,Added during expansion from 50 to 150 records.,
MDMER-0134,Tier 3,Deception and trust,Research paper,Event-Related Potentials in Concealed Information and Deception Detection,2008,Rosenfeld et al.,,EEG/ERP,Individual,Concealed information test,Article,,https://scholar.google.com/scholar?q=P300+concealed+information+test+deception+Rosenfeld,Background evidence,Classic EEG deception methodology.,"Requires structured comparison against ARL sensing, interaction, decision, and synchronization features.",Medium,Candidate — needs primary-source verification,Not read,Targeted literature expansion,Pending,,Added during expansion from 50 to 150 records.,
MDMER-0135,Tier 3,Deception and trust,Review,Neuroscience of Deception: A Review,2011,Sip et al.,,EEG/fMRI/autonomic,Individual,Deception,Article,,https://scholar.google.com/scholar?q=Detecting+deception+a+review+of+neuroscience+Sip,Background evidence,Core theoretical review for deception constructs.,"Requires structured comparison against ARL sensing, interaction, decision, and synchronization features.",High,Candidate — needs primary-source verification,Not read,Targeted literature expansion,Pending,,Added during expansion from 50 to 150 records.,
MDMER-0136,Tier 1,Deception and trust,Research paper,Trust Game: Neural Correlates of Trust and Reciprocity,2005,King-Casas et al.,,fMRI; behavior,Dyads,Iterated trust game,Article,,https://scholar.google.com/scholar?q=Getting+to+know+you+reputation+and+trust+in+a+two-person+economic+exchange+King-Casas,Social/group comparator,Canonical repeated social decision and belief-updating paradigm.,"Requires structured comparison against ARL sensing, interaction, decision, and synchronization features.",Must read,Candidate — needs primary-source verification,Not read,Targeted literature expansion,Pending,,Added during expansion from 50 to 150 records.,
MDMER-0137,Tier 2,Deception and trust,Research paper,The Neural Basis of Trust,2002,McCabe et al.,,fMRI; behavior,Dyads,Trust game,Article,,https://scholar.google.com/scholar?q=A+functional+imaging+study+of+cooperation+in+two-person+reciprocal+exchange,Social/group comparator,Foundational social-decision neuroscience.,"Requires structured comparison against ARL sensing, interaction, decision, and synchronization features.",High,Candidate — needs primary-source verification,Not read,Targeted literature expansion,Pending,,Added during expansion from 50 to 150 records.,
MDMER-0138,Tier 3,Deception and trust,Research paper,Oxytocin Increases Trust in Humans,2005,Kosfeld et al.,,Behavior; hormonal intervention,Dyads,Trust game,Article,,https://scholar.google.com/scholar?q=Oxytocin+increases+trust+in+humans+Nature+2005,Background evidence,Classic trust-game study.,"Requires structured comparison against ARL sensing, interaction, decision, and synchronization features.",Medium,Candidate — needs primary-source verification,Not read,Targeted literature expansion,Pending,,Added during expansion from 50 to 150 records.,
MDMER-0139,Tier 1,Deception and trust,Research paper,Neural Responses to Fairness in the Ultimatum Game,2003,Sanfey et al.,,fMRI; behavior,Dyads,Ultimatum game,Article,,https://scholar.google.com/scholar?q=The+neural+basis+of+economic+decision-making+in+the+Ultimatum+Game,Social/group comparator,Canonical social decision conflict paradigm.,"Requires structured comparison against ARL sensing, interaction, decision, and synchronization features.",Must read,Candidate — needs primary-source verification,Not read,Targeted literature expansion,Pending,,Added during expansion from 50 to 150 records.,
MDMER-0140,Tier 3,Deception and trust,Research paper,Autonomic Responses during the Ultimatum Game,2011,Multiple authors,,ECG/EDA; behavior,Dyads,Ultimatum game,Article,,https://scholar.google.com/scholar?q=skin+conductance+heart+rate+ultimatum+game+unfair+offers,Decision-making comparator,Peripheral physiology during social decisions.,"Requires structured comparison against ARL sensing, interaction, decision, and synchronization features.",High,Candidate — needs primary-source verification,Not read,Targeted literature expansion,Pending,,Added during expansion from 50 to 150 records.,
MDMER-0141,Tier 3,Deception and trust,Research paper,EEG Oscillations during Trust and Reciprocity Decisions,2014,Multiple authors,,EEG; behavior,Dyads,Trust game,Article,,https://scholar.google.com/scholar?q=EEG+oscillations+trust+game+decision+making,Decision-making comparator,EEG trust decision comparator.,"Requires structured comparison against ARL sensing, interaction, decision, and synchronization features.",High,Candidate — needs primary-source verification,Not read,Targeted literature expansion,Pending,,Added during expansion from 50 to 150 records.,
MDMER-0142,Tier 3,Deception and trust,Research paper,Frontal Theta during Social Conflict and Fairness Decisions,2016,Multiple authors,,EEG; behavior,Dyads,Ultimatum/social conflict,Article,,https://scholar.google.com/scholar?q=frontal+theta+social+conflict+ultimatum+game+EEG,Decision-making comparator,Links theta with social decision conflict.,"Requires structured comparison against ARL sensing, interaction, decision, and synchronization features.",High,Candidate — needs primary-source verification,Not read,Targeted literature expansion,Pending,,Added during expansion from 50 to 150 records.,
MDMER-0143,Tier 2,Deception and trust,Research paper,Physiological Signals of Trust in Human-Human Interaction,2018,Multiple authors,,ECG; EDA; HRV,Dyads,Trust/cooperation task,Article,,https://scholar.google.com/scholar?q=physiological+signals+trust+human+interaction+ECG+EDA+HRV,Social/group comparator,Peripheral physiology and interpersonal trust.,"Requires structured comparison against ARL sensing, interaction, decision, and synchronization features.",High,Candidate — needs primary-source verification,Not read,Targeted literature expansion,Pending,,Added during expansion from 50 to 150 records.,
MDMER-0144,Tier 1,Deception and trust,Review,Deception Detection Using Physiological and Behavioral Signals: A Review,2020,Multiple authors,,EEG; ECG; EDA; eye gaze; audio; video,Various,Deception,Article,,https://scholar.google.com/scholar?q=deception+detection+physiological+behavioral+signals+review+EEG+ECG+EDA+gaze,Background evidence,Helps position multimodal deception sensing landscape.,"Requires structured comparison against ARL sensing, interaction, decision, and synchronization features.",Must read,Candidate — needs primary-source verification,Not read,Targeted literature expansion,Pending,,Added during expansion from 50 to 150 records.,
MDMER-0145,Tier 5,Acquisition and synchronization,Methods paper,Mobile Brain/Body Imaging (MoBI): New Frontiers in Neuroimaging,2009,Makeig et al.,,EEG; motion; behavior,Individual/social capable,Mobile naturalistic tasks,Article,,https://scholar.google.com/scholar?q=Mobile+brain+body+imaging+MoBI+Makeig,Synchronization comparator,Foundational multimodal mobile neurophysiology architecture.,"Requires structured comparison against ARL sensing, interaction, decision, and synchronization features.",High,Candidate — needs primary-source verification,Not read,Targeted literature expansion,Pending,,Added during expansion from 50 to 150 records.,
MDMER-0146,Tier 5,Acquisition and synchronization,Methods paper,EEGLAB: An Open Source Toolbox for Analysis of Single-Trial EEG Dynamics,2004,Delorme & Makeig,,EEG; event markers,N/A,EEG analysis,Open source,https://sccn.ucsd.edu/eeglab/,https://doi.org/10.1016/j.jneumeth.2003.10.009,Background evidence,Core EEG processing infrastructure reference.,"Requires structured comparison against ARL sensing, interaction, decision, and synchronization features.",Medium,Candidate — needs primary-source verification,Not read,Targeted literature expansion,Pending,,Added during expansion from 50 to 150 records.,
MDMER-0147,Tier 5,Acquisition and synchronization,Methods paper,MNE-Python: Software for Processing MEG and EEG Data,2013,Gramfort et al.,,EEG/MEG; multimodal event data,N/A,Signal processing,Open source,https://mne.tools/,https://doi.org/10.3389/fnins.2013.00267,Background evidence,Potential analysis stack and reproducibility reference.,"Requires structured comparison against ARL sensing, interaction, decision, and synchronization features.",Medium,Candidate — needs primary-source verification,Not read,Targeted literature expansion,Pending,,Added during expansion from 50 to 150 records.,
MDMER-0148,Tier 1,Acquisition and synchronization,Methods paper,BIDS: A Community Standard for Organizing and Describing Neuroimaging and Behavioral Data,2016,Gorgolewski et al.,,Neuroimaging; behavior; metadata,N/A,Data organization,Open standard,https://bids.neuroimaging.io/,https://www.nature.com/articles/sdata201644,Synchronization comparator,Data organization and metadata standard relevant to public ARL release.,"Requires structured comparison against ARL sensing, interaction, decision, and synchronization features.",Must read,Candidate — needs primary-source verification,Not read,Targeted literature expansion,Pending,,Added during expansion from 50 to 150 records.,
MDMER-0149,Tier 1,Acquisition and synchronization,Methods paper,EEG-BIDS: An Extension to the Brain Imaging Data Structure for Electroencephalography,2019,Pernet et al.,,EEG; events; metadata,N/A,EEG data standardization,Open standard,https://bids-specification.readthedocs.io/,https://www.nature.com/articles/sdata2019197,Synchronization comparator,Important for structured EEG/event release.,"Requires structured comparison against ARL sensing, interaction, decision, and synchronization features.",Must read,Candidate — needs primary-source verification,Not read,Targeted literature expansion,Pending,,Added during expansion from 50 to 150 records.,
MDMER-0150,Tier 5,Acquisition and synchronization,Methods paper,Motion-BIDS and Multimodal Behavioral Data Standardization,2024,Multiple authors,,Motion; behavior; event data,N/A,Data standardization,Open standard,,https://scholar.google.com/scholar?q=Motion-BIDS+standard+movement+data+BIDS,Background evidence,Potential structure for behavioral/motion metadata.,"Requires structured comparison against ARL sensing, interaction, decision, and synchronization features.",Low,Candidate — needs primary-source verification,Not read,Targeted literature expansion,Pending,,Added during expansion from 50 to 150 records.,
MDMER-0151,Tier 1,Social/group neuroscience,Research paper,Electrophysiological Hyperscanning of Negotiation During Group-Oriented Decision-Making,2025,Angioletti et al.,Università Cattolica del Sacro Cuore,EEG hyperscanning; behavioral decision/orientation,Dyads,Structured negotiation toward shared decision,Open article,,https://doi.org/10.3390/app15116073,Direct comparator,Direct live negotiation and shared decision-making with simultaneous EEG hyperscanning.,"Dyadic EEG-only experiment; no peripheral physiology, eye tracking, audiovisual dataset, repeated rounds, confidence, or deception.",Must read,Source checked,Extracted,Direct comparator audit,Pending,,Discovered during 25-comparator audit.,2026-08-25
MDMER-0152,Tier 1,Social/group neuroscience,Research paper,Ideal Versus Real Group Mental Representations During Communicative Exchange: A Hyperscanning Study,2026,Acconito et al.,Università Cattolica del Sacro Cuore,EEG; fNIRS; HRV/biofeedback,Dyads,Communicative group-decision discussion under ideal vs real representation,Published article,,https://pubmed.ncbi.nlm.nih.gov/41711421/,Direct comparator,Combines neural and autonomic hyperscanning during dyadic group-decision communication.,"Dyadic study with limited sensor breadth; no ARL-style multimodal AV/eye stack, repeated voting/confidence or social deception.",Must read,Source checked,Extracted,Direct comparator audit,Pending,,Discovered during 25-comparator audit.,2026-08-25
MDMER-0153,Tier 1,Group decision + physiology,Dataset paper,"Dataset of physiological, behavioral, and self-report measures from a group decision-making lab study",2022,"Burns, Wallot, Berson & Gordon",Bar-Ilan University / Mendeley Data,ECG; respiration; EDA; multi-angle video; behavioral coding,Groups of 3,Desert Survival Task; individual ranking then group consensus,Public,https://data.mendeley.com/datasets/w8h752hbw5/4,https://doi.org/10.1016/j.dib.2022.108630,Direct comparator,Direct 3-person group decision dataset with simultaneous physiology and synchronized video.,"No EEG, EMG, eye tracking; no repeated rounds/confidence/deception.",Must read,Source checked,Extracted,Gap-challenge search,Pending,,Strong direct comparator discovered in targeted gap challenge.,2026-08-25
MDMER-0154,Tier 1,EEG hyperscanning + adversarial group interaction,Research paper,Analysis of inter-brain synchrony in group-based electroencephalography to assess task-dependent interactions,2026,Kennedy et al.,Trinity College Dublin,Triadic EEG hyperscanning; video; keyboard event markers; LSL,Groups of 3,Repeated cooperative card-game rounds with hidden adversary manipulation,Open article,,https://doi.org/10.3389/fnrgo.2026.1774423,Direct comparator,"Triadic repeated social task with EEG, hidden adversary, video and LSL synchronization.",No ECG/EDA/EMG/eye tracking/audio/confidence; verbal communication prohibited.,Must read,Source checked,Extracted,Gap-challenge search,Pending,,Closest challenge found to ARL's group/adversary/LSL architecture.,2026-08-25
MDMER-0155,Tier 1,Group physiology + persuasion,Research paper,Influencing the physiology and decisions of groups: Physiological linkage during group decision-making,2021,Thorson et al.,New York University / collaborators,Cardiac interbeat intervals; group interaction,Groups of 5,Consensus decision with covert high-/low-status advocates assigned to different firms,Published article,,https://doi.org/10.1177/1368430219890909,Direct comparator,Five-person decision-making with continuous physiology and covert strategic influence.,"Only cardiac physiology; no broad multimodal stack, repeated rounds, confidence or social-deduction role structure.",Must read,Source checked,Extracted,Gap-challenge search,Pending,,Important because it matches ARL group size and covert strategic manipulation.,2026-08-25
MDMER-0156,Tier 1,Group EEG + decision,Research paper,Be Creative to Innovate! EEG Correlates of Group Decision-Making in Managers,2024,Balconi et al.,Università Cattolica del Sacro Cuore,Muse EEG; video; reaction time,Groups of 3,Individual then group Realistic Complex Problem Task with consensus negotiation,Open article,,https://doi.org/10.3390/su16052175,Direct comparator,Triplet group decision-making with continuous wearable EEG and video.,"No peripheral physiology, eye tracking, repeated rounds, confidence or deception.",High,Source checked,Extracted,Gap-challenge search,Pending,,Useful neural/group consensus comparator.,2026-08-25
MDMER-0157,Tier 1,Group eye tracking + decision,Research paper,Cognitive factors on the performance of group decision-making: a behavioral and eye-tracking study,2025,Multiple authors,Shanghai Jiao Tong University,EyeLogic eye tracking 60 Hz; screen/audio recording; behavioral decision data,Groups of 3,Individual and group multi-attribute decision-making,Open article,,https://doi.org/10.3389/fnhum.2025.1551447,Direct comparator,Three-person group decision-making with synchronized EyeLogic gaze and behavioral process recording.,No neural/peripheral physiology or deception; workstation-based gaze rather than full multimodal wearable acquisition.,High,Source checked,Extracted,Gap-challenge search,Pending,,Important eye-tracking/group-decision comparator.,2026-08-25
MDMER-0158,Tier 2,Group EEG + audio,Dataset,EEG hyperscanning data of 13 groups of three people engaging in different types of conversations,2026,Ochoa de Eribe Delgado et al.,FAU Erlangen-Nürnberg / Imperial College London / WSA Audiology,96-channel raw EEG (32×3); directional microphones; omnidirectional microphone,Groups of 3,Elicited group conversations,Public,https://zenodo.org/records/21643064,https://zenodo.org/records/21643064,Social/Group Comparator,Public triadic EEG + multi-microphone conversational hyperscanning resource.,"No decision task, confidence, deception, peripheral physiology, eye tracking or video.",High,Source checked,Extracted,Gap-challenge search,Pending,,Important for ARL audio+EEG group-acquisition comparison.,2026-08-25
MDMER-0159,Tier 2,Multimodal deception,Dataset paper,MuDD: A Multimodal Deception Detection Dataset and GSR-Guided Progressive Distillation,2026,Jiang et al.,Multiple institutions,Video; audio; GSR; PPG; heart rate; personality,Individual,Deception detection and concealed-digit identification,Preprint / dataset described,,https://arxiv.org/abs/2603.26064,Deception Comparator,Rich contact + non-contact multimodal deception dataset.,Individual setting; no EEG/EMG/eye tracking/group decision/confidence.,High,Source checked,Screened,Gap-challenge search,Pending,,Challenges any claim that multimodal deception sensing itself is novel.,2026-08-25
